Kode Kabupaten,Kabupaten,Provinsi,flood_events_total,deaths_total,missing_total,injured_total,affected_total,displaced_total,houses_heavy_damage,houses_medium_damage,houses_light_damage,houses_flooded,year_first_flood,year_last_flood,years_with_floods,flood_impact_score
11.01,Aceh Selatan,Aceh,41.0,2,0,0,97134,3524,4,0,14,18194,2020,2025,42,3031.7400000000002
11.02,Aceh Tenggara,Aceh,42.0,19,2,10,55082,6887,500,1218,2302,7674,2020,2025,42,3260.2200000000003
11.03,Aceh Timur,Aceh,47.0,10,1,0,237647,129716,48,8,21,56458,2020,2025,47,9069.27
11.04,Aceh Tengah,Aceh,22.0,21,23,0,55380,8302,15,0,19,2373,2021,2025,22,2913.1000000000004
11.05,Aceh Barat,Aceh,25.0,4,0,0,95950,4991,45,113,138,14367,2020,2025,25,2821.2
11.06,Aceh Besar,Aceh,18.0,3,3,0,8293,1589,5,6,1,2745,2020,2025,18,675.4300000000001
11.07,Pidie,Aceh,14.0,1,0,0,138619,37740,99,0,54,20542,2020,2025,14,3554.3900000000003
11.08,Aceh Utara,Aceh,32.0,121,118,0,436971,253914,34,74,57,94641,2020,2025,32,25965.809999999998
11.09,Simeulue,Aceh,21.0,0,0,0,10913,526,7,0,0,2056,2020,2024,21,335.73
11.1,Aceh Singkil,Aceh,26.0,0,0,0,166032,22622,2,4,12,15719,2020,2025,26,3258.2200000000003
11.11,Bireuen,Aceh,17.0,22,11,0,60632,57436,0,0,3,9215,2020,2025,17,3744.82
11.12,Aceh Barat Daya,Aceh,12.0,0,0,1,2108,5,0,0,6,1100,2020,2025,12,143.07999999999998
11.13,Gayo Lues,Aceh,24.0,4,2,0,27286,18256,1340,9,91,1811,2020,2025,24,877.96
11.14,Aceh Jaya,Aceh,32.0,0,0,0,56205,4906,0,75,0,16085,2020,2025,32,2202.55
11.15,Nagan Raya,Aceh,15.0,2,3,0,79979,8359,5,236,6,11817,2020,2025,15,2196.49
11.16,Aceh Tamiang,Aceh,27.0,42,0,6,417806,311923,2,0,0,38388,2020,2025,27,12243.86
11.17,Bener Meriah,Aceh,8.0,31,23,13,177573,37682,2,2,7,29,2020,2025,8,4886.629999999999
11.18,Pidie Jaya,Aceh,14.0,23,8,1821,164590,25027,2,0,0,19073,2020,2025,14,5867.200000000001
11.71,Kota Banda Aceh,Aceh,1.0,0,0,0,186,0,0,0,0,0,2020,2020,1,2.8600000000000003
11.72,Kota Sabang,Aceh,6.0,0,0,0,2627,29,2,0,2,539,2021,2023,6,86.17
11.73,Kota Lhokseumawe,Aceh,16.0,4,3,3,208552,24933,700,200,4,20005,2020,2025,16,4502.02
11.74,Kota Langsa,Aceh,14.0,2,0,0,228008,1,1,2,7,23188,2020,2025,15,4812.88
11.75,Kota Subulussalam,Aceh,17.0,1,0,0,71535,2481,2,0,10,10387,2020,2025,17,1871.0500000000002
12.01,Tapanuli Tengah,Sumatera Utara,7.0,98,109,543,305134,10882,56,28,41,75927,2020,2025,7,20451.04
12.02,Tapanuli Utara,Sumatera Utara,6.0,34,14,3,16546,3600,22,0,493,223,2023,2025,6,3593.76
12.03,Tapanuli Selatan,Sumatera Utara,24.0,81,35,155,294170,8079,120,6,1863,2518,2020,2025,24,11317.5
12.04,Nias,Sumatera Utara,8.0,2,0,0,16994,35,5,8,0,985,2021,2025,8,476.44
12.05,Langkat,Sumatera Utara,40.0,12,0,11,650654,21972,5,0,0,537330,2020,2025,41,61479.54
12.06,Karo,Sumatera Utara,6.0,6,0,0,425,0,5,0,57,4,2020,2024,6,610.65
12.07,Deli Serdang,Sumatera Utara,51.0,35,4,19,369310,7624,9,0,220,84487,2020,2025,53,15692.800000000001
12.08,Simalungun,Sumatera Utara,11.0,2,0,1,4804,72,23,0,17,912,2023,2025,11,350.24
12.09,Asahan,Sumatera Utara,38.0,0,0,0,89941,2002,4,1,12,28617,2020,2025,39,3799.11
12.1,Labuhanbatu,Sumatera Utara,9.0,1,0,0,24685,0,0,0,0,4851,2020,2025,9,840.95
12.11,Dairi,Sumatera Utara,8.0,0,0,0,946,32,23,0,24,72,2023,2025,9,24.66
12.12,Toba,Sumatera Utara,4.0,0,0,0,714,0,1,0,0,143,2021,2023,4,25.44
12.13,Mandailing Natal,Sumatera Utara,20.0,2,2,1,28353,13288,51,12,48,4719,2020,2025,20,975.4300000000001
12.14,Nias Selatan,Sumatera Utara,6.0,1,0,0,2160,0,2,0,0,209,2020,2025,6,148.5
12.15,Pakpak Bharat,Sumatera Utara,2.0,2,0,0,1835,0,0,0,0,0,2023,2025,2,220.35
12.16,Humbang Hasundutan,Sumatera Utara,5.0,11,11,10,7284,2510,204,39,110,146,2023,2025,5,1192.4399999999998
12.17,Samosir,Sumatera Utara,3.0,1,0,100,133,669,7,0,6,115,2023,2024,3,115.83
12.18,Serdang Bedagai,Sumatera Utara,41.0,1,0,0,349546,3924,4,0,0,79844,2020,2025,41,11620.86
12.19,Batu Bara,Sumatera Utara,39.0,0,0,0,232798,5079,4,2,2,61174,2020,2025,39,8484.380000000001
12.2,Padang Lawas Utara,Sumatera Utara,6.0,0,0,0,2070,0,0,0,0,435,2023,2025,6,70.2
12.21,Padang Lawas,Sumatera Utara,21.0,0,0,0,16524,462,150,66,466,3621,2021,2025,21,548.34
12.22,Labuhanbatu Selatan,Sumatera Utara,12.0,0,0,0,36447,2872,0,0,0,7622,2023,2025,13,1138.67
12.23,Labuhanbatu Utara,Sumatera Utara,20.0,0,0,0,48452,1,1,200,5,11563,2020,2025,20,1660.82
12.24,Nias Utara,Sumatera Utara,11.0,0,0,0,38225,0,0,0,0,7270,2020,2025,11,1120.25
12.25,Nias Barat,Sumatera Utara,5.0,0,0,0,11562,40,3,0,4,2439,2020,2025,5,364.52
12.71,Kota Medan,Sumatera Utara,56.0,13,1,0,701196,10620,0,0,0,161614,2020,2025,56,24529.36
12.72,Kota Pematangsiantar,Sumatera Utara,8.0,1,0,0,915,0,0,0,0,232,2020,2024,8,140.35000000000002
12.73,Kota Sibolga,Sumatera Utara,3.0,52,0,7,1815,3359,0,0,0,363,2023,2025,3,5257.45
12.74,Kota Tanjung Balai,Sumatera Utara,12.0,1,0,0,165961,34,0,0,0,45097,2020,2025,12,6281.3099999999995
12.75,Kota Binjai,Sumatera Utara,18.0,0,0,0,81453,10982,0,0,0,24754,2020,2025,18,3307.9300000000003
12.76,Kota Tebing Tinggi,Sumatera Utara,19.0,0,0,0,124429,550,0,0,1,31662,2020,2025,19,4429.49
12.77,Kota Padang Sidempuan,Sumatera Utara,16.0,3,2,1,10145,2160,232,198,98,1385,2020,2025,16,555.95
12.78,Kota Gunungsitoli,Sumatera Utara,11.0,2,0,2,16346,0,22,0,5,4724,2021,2025,11,846.8600000000001
13.01,Pesisir Selatan,Sumatera Barat,42.0,26,6,1,216757,79610,1215,4356,4832,99294,2020,2025,43,14738.970000000001
13.02,Solok,Sumatera Barat,18.0,1,0,96,26072,4265,219,258,182,4924,2020,2025,18,871.1200000000001
13.03,Sijunjung,Sumatera Barat,18.0,0,0,0,7468,136,8,0,89,2529,2020,2025,18,345.58000000000004
13.04,Tanah Datar,Sumatera Barat,5.0,4,1,4,5065,1633,334,126,103,64,2020,2025,5,462.04999999999995
13.05,Padang Pariaman,Sumatera Barat,28.0,37,6,527,61258,12903,45,61,29,22940,2020,2025,29,6634.58
13.06,Agam,Sumatera Barat,25.0,170,189,23,2644,6521,202,122,1085,757,2020,2025,25,17127.14
13.07,Lima Puluh Kota,Sumatera Barat,32.0,3,2,0,28091,2046,22,4,1063,5053,2020,2025,34,1118.21
13.08,Pasaman,Sumatera Barat,23.0,3,1,3,10064,3432,25,2,11,1209,2020,2025,23,544.54
13.09,Kepulauan Mentawai,Sumatera Barat,26.0,2,0,0,31601,509,0,0,18,5499,2020,2025,26,1091.9099999999999
13.1,Dharmasraya,Sumatera Barat,20.0,2,0,1437,23698,6134,2,606,623,7206,2020,2025,20,1177.58
13.11,Solok Selatan,Sumatera Barat,22.0,1,0,3151,5857,364,9,7,64,2096,2020,2025,22,390.17
13.12,Pasaman Barat,Sumatera Barat,28.0,3,4,1,72098,6218,31,7,19,4776,2020,2025,28,1526.58
13.71,Kota Padang,Sumatera Barat,13.0,13,3,8,64205,13691,275,0,150,11741,2020,2025,13,3129.1500000000005
13.72,Kota Solok,Sumatera Barat,12.0,1,0,0,35661,3141,0,1,0,7003,2020,2025,12,1168.91
13.73,Kota Sawahlunto,Sumatera Barat,2.0,0,0,0,784,44,0,0,3,240,2020,2024,2,33.84
13.74,Kota Padang Panjang,Sumatera Barat,4.0,51,65,4,1148,631,52,16,196,126,2021,2025,4,5128.08
13.75,Kota Bukittinggi,Sumatera Barat,8.0,0,0,0,1751,40,0,0,1,463,2020,2024,8,71.81
13.76,Kota Payakumbuh,Sumatera Barat,3.0,0,0,0,0,0,0,7,7,10,2020,2024,3,4.0
13.77,Kota Pariaman,Sumatera Barat,5.0,0,0,0,10956,245,3,8,37,2894,2023,2025,5,403.96000000000004
14.01,Kampar,Riau,57.0,0,0,0,117619,510,25,0,1959,23280,2020,2025,58,3561.19
14.02,Indragiri Hulu,Riau,40.0,0,0,0,107107,9293,0,0,175,27869,2020,2025,41,3897.9700000000003
14.03,Bengkalis,Riau,28.0,0,0,0,30699,4651,0,0,0,6718,2021,2024,28,1006.7900000000001
14.04,Indragiri Hilir,Riau,22.0,0,0,0,49964,864,27,9,100,14113,2021,2025,22,1932.94
14.05,Pelalawan,Riau,9.0,0,0,0,68061,2738,0,0,20,19398,2021,2025,9,2629.4100000000003
14.06,Rokan Hulu,Riau,46.0,1,0,0,136404,75,0,7,12101,19724,2020,2025,46,3482.44
14.07,Rokan Hilir,Riau,24.0,0,0,0,186458,15641,12,13,349,45974,2020,2025,24,6485.9800000000005
14.08,Siak,Riau,21.0,0,0,0,7700,812,0,0,9,3455,2021,2025,21,443.5
14.09,Kuantan Singingi,Riau,37.0,0,0,0,213953,0,1,0,170,46381,2023,2025,37,6814.630000000001
14.1,Kepulauan Meranti,Riau,7.0,0,0,0,13114,0,1,0,403,1368,2021,2023,7,274.94000000000005
14.71,Kota Pekanbaru,Riau,35.0,0,0,0,37897,535,0,0,718,9218,2020,2025,35,1335.77
14.72,Kota Dumai,Riau,7.0,0,0,0,9380,662,0,0,0,2281,2021,2025,7,328.90000000000003
15.01,Kerinci,Jambi,30.0,4,2,2,66932,6,56,86,305,17223,2020,2024,31,2821.6200000000003
15.02,Merangin,Jambi,21.0,0,0,0,8943,0,2,0,7,7144,2020,2025,21,824.8300000000002
15.03,Sarolangun,Jambi,19.0,0,0,0,64221,250,120,0,4,18722,2020,2025,20,2533.41
15.04,Batanghari,Jambi,15.0,0,0,0,52773,220,0,0,0,18272,2020,2025,15,2369.9300000000003
15.05,Muaro Jambi,Jambi,12.0,0,0,0,3785,329,0,0,160,7645,2020,2025,12,814.35
15.06,Tanjung Jabung Barat,Jambi,9.0,0,0,0,1633,160,0,0,0,297,2020,2025,9,55.03
15.07,Tanjung Jabung Timur,Jambi,8.0,0,0,0,7678,0,59,89,116,0,2021,2025,8,84.78
15.08,Bungo,Jambi,20.0,1,0,0,146711,0,1,0,2,23916,2020,2024,20,3978.71
15.09,Tebo,Jambi,14.0,0,0,0,43964,44987,2660,0,2,33247,2020,2025,14,3778.34
15.71,Kota Jambi,Jambi,4.0,0,0,0,4219,0,0,0,0,6041,2020,2024,4,650.29
15.72,Kota Sungai Penuh,Jambi,21.0,2,0,2,53521,26616,32,51,7,21583,2020,2025,21,2914.51
16.01,Ogan Komering Ulu,Sumatera Selatan,35.0,7,1,14,207929,20924,50,38,37,42309,2020,2025,36,7045.1900000000005
16.02,Ogan Komering Ilir,Sumatera Selatan,6.0,0,0,0,6836,110,0,0,0,1566,2020,2025,6,230.96000000000004
16.03,Muara Enim,Sumatera Selatan,33.0,0,0,0,45962,40,16,0,5,11799,2020,2025,34,1672.52
16.04,Lahat,Sumatera Selatan,13.0,1,0,0,6465,435,127,399,486,3762,2020,2024,13,553.85
16.05,Musi Rawas,Sumatera Selatan,16.0,0,0,0,88028,0,2,0,0,18510,2020,2025,16,2747.2799999999997
16.06,Musi Banyuasin,Sumatera Selatan,39.0,0,0,0,234367,3185,6,0,2,28610,2020,2025,39,5243.67
16.07,Banyuasin,Sumatera Selatan,15.0,0,0,0,20787,80,0,0,0,4518,2020,2025,15,674.6700000000001
16.08,Ogan Komering Ulu Timur,Sumatera Selatan,12.0,0,0,0,8870,0,1,0,6,2323,2020,2025,12,333.0
16.09,Ogan Komering Ulu Selatan,Sumatera Selatan,16.0,6,1,6,17314,143,50,11,33,3842,2020,2025,17,1173.3400000000001
16.1,Ogan Ilir,Sumatera Selatan,20.0,0,0,0,11530,0,1,0,0,2449,2020,2025,21,380.20000000000005
16.11,Empat Lawang,Sumatera Selatan,10.0,0,0,0,9880,0,18,0,69,1958,2020,2024,10,304.6
16.12,Penukal Abab Lematang Ilir,Sumatera Selatan,23.0,0,0,4,62018,246,9,0,0,11500,2020,2025,23,1793.18
16.13,Musi Rawas Utara,Sumatera Selatan,13.0,4,2,0,206759,54108,464,110,336,38659,2020,2024,13,6346.49
16.71,Kota Palembang,Sumatera Selatan,3.0,2,0,0,1990,0,0,0,0,100,2021,2025,3,232.9
16.72,Kota Pagar Alam,Sumatera Selatan,4.0,0,0,0,810,0,0,0,0,192,2020,2024,4,31.300000000000004
16.73,Kota Lubuk Linggau,Sumatera Selatan,10.0,0,0,0,4114,0,15,0,155,810,2020,2025,10,132.14
16.74,Kota Prabumulih,Sumatera Selatan,13.0,0,0,0,34024,0,7,50,100,8682,2020,2025,13,1221.44
17.01,Bengkulu Selatan,Bengkulu,9.0,0,0,0,3420,0,0,0,25,692,2020,2025,9,112.4
17.02,Rejang Lebong,Bengkulu,4.0,0,0,3,3975,0,0,2,0,45,2020,2022,4,48.25
17.03,Bengkulu Utara,Bengkulu,11.0,0,0,0,15970,75,2,2,7,3362,2020,2025,11,506.9000000000001
17.04,Kaur,Bengkulu,10.0,10,0,0,21155,185,0,1,1,2644,2020,2023,10,1485.95
17.05,Seluma,Bengkulu,25.0,1,0,0,26649,100,27,6,391,6774,2020,2025,25,1068.89
17.06,Muko Muko,Bengkulu,7.0,0,0,0,7145,1140,1,0,1,1577,2020,2023,7,236.15000000000003
17.07,Lebong,Bengkulu,6.0,0,0,1,15465,0,80,0,267,2990,2020,2025,6,459.65
17.08,Kepahiang,Bengkulu,10.0,0,0,0,2711,0,25,0,13,474,2020,2024,10,84.51
17.09,Bengkulu Tengah,Bengkulu,10.0,0,0,0,13415,0,0,0,9,1769,2020,2023,10,321.05
17.71,Kota Bengkulu,Bengkulu,21.0,0,0,0,48405,3810,0,0,1,13360,2020,2025,21,1841.05
18.01,Lampung Selatan,Lampung,29.0,6,0,0,32750,787,10,43,46,8405,2020,2025,29,1797.0
18.02,Lampung Tengah,Lampung,5.0,0,0,0,1455,0,4,0,3,326,2021,2025,5,52.150000000000006
18.03,Lampung Utara,Lampung,2.0,0,0,0,135,0,1,0,0,27,2024,2025,2,6.050000000000001
18.04,Lampung Barat,Lampung,14.0,0,0,0,983,244,17,2,31,496,2020,2025,16,73.43
18.05,Tulang Bawang,Lampung,22.0,0,0,0,105849,0,9,0,3,26109,2020,2025,22,3691.3900000000003
18.06,Tanggamus,Lampung,26.0,5,1,0,44668,875,159,362,2758,6986,2020,2025,26,1671.2800000000002
18.07,Lampung Timur,Lampung,21.0,1,0,0,12211,1091,0,99,9,3179,2020,2025,21,561.01
18.08,Way Kanan,Lampung,5.0,0,0,0,2595,0,0,0,0,549,2020,2025,5,85.85000000000001
18.09,Pesawaran,Lampung,25.0,1,0,0,37433,0,70,321,1207,8743,2020,2025,25,1373.63
18.1,Pringsewu,Lampung,5.0,0,0,0,3200,692,1,0,0,636,2022,2025,5,100.6
18.11,Mesuji,Lampung,20.0,2,0,0,11171,57,0,0,4,2185,2021,2025,20,550.21
18.12,Tulang Bawang Barat,Lampung,3.0,0,0,0,170,0,0,0,0,101,2023,2025,3,14.8
18.13,Pesisir Barat,Lampung,13.0,0,0,0,2270,0,2,0,10,723,2020,2025,14,108.0
18.71,Kota Bandar Lampung,Lampung,21.0,8,0,0,159627,565,113,0,855,36167,2020,2025,21,6033.97
19.01,Bangka,Kepulauan Bangka Belitung,8.0,0,0,0,2369,0,0,0,4,915,2021,2023,8,123.19
19.02,Belitung,Kepulauan Bangka Belitung,3.0,0,0,0,1030,20,0,0,0,114,2020,2021,3,24.700000000000003
19.03,Bangka Selatan,Kepulauan Bangka Belitung,3.0,0,0,0,915,0,0,0,64,111,2021,2022,3,23.25
19.04,Bangka Tengah,Kepulauan Bangka Belitung,3.0,0,0,0,410,0,0,0,0,110,2020,2021,3,18.1
19.05,Bangka Barat,Kepulauan Bangka Belitung,12.0,0,0,0,4908,0,0,0,171,1021,2021,2025,12,163.18
19.06,Belitung Timur,Kepulauan Bangka Belitung,5.0,0,0,0,2377,0,0,5,69,0,2021,2025,5,28.77
19.71,Kota Pangkal Pinang,Kepulauan Bangka Belitung,9.0,0,0,0,5814,0,0,0,1,1722,2020,2025,9,239.34000000000003
21.01,Bintan,Kepulauan Riau,8.0,0,0,1,13446,1843,0,1,0,3287,2020,2024,8,471.1600000000001
21.02,Karimun,Kepulauan Riau,3.0,0,0,0,786,0,0,0,25,166,2023,2024,3,27.46
21.03,Natuna,Kepulauan Riau,8.0,0,6,0,7096,122,3,0,1,1252,2020,2024,8,204.16000000000003
21.04,Lingga,Kepulauan Riau,5.0,0,0,0,666,45,6,0,9,47,2021,2025,5,16.36
21.05,Kepulauan Anambas,Kepulauan Riau,6.0,0,0,0,5329,157,4,6,6,1185,2020,2023,6,177.79
21.72,Kota Tanjung Pinang,Kepulauan Riau,5.0,1,0,0,3280,411,0,0,14,813,2021,2024,5,219.10000000000002
31.71,Kota Adm. Jakarta Pusat,DKI Jakarta,2.2,2,0,0,71,2859,0,0,0,20,2020,2025,7,204.91
31.72,Kota Adm. Jakarta Utara,DKI Jakarta,7.95,1,0,0,301,4025,0,0,0,50,2020,2025,17,115.96000000000001
31.73,Kota Adm. Jakarta Barat,DKI Jakarta,19.78333333333333,8,0,0,16734,16835,0,0,0,2221,2020,2025,35,1209.2233333333334
31.74,Kota Adm. Jakarta Selatan,DKI Jakarta,32.53333333333333,10,1,6,44828,21430,30,0,1,7640,2020,2025,57,2244.8133333333335
31.75,Kota Adm. Jakarta Timur,DKI Jakarta,33.53333333333333,10,0,0,95043,36978,0,0,0,7099,2020,2025,57,2693.8633333333337
32.01,Bogor,Jawa Barat,169.2,18,1,24,253019,25917,836,702,1590,49734,2020,2025,219,9472.79
32.02,Sukabumi,Jawa Barat,61.0,7,0,10377,35430,3857,520,1087,1468,3878,2020,2025,66,1503.1
32.03,Cianjur,Jawa Barat,30.0,5,0,1,19909,2101,32,32,38,4246,2020,2025,31,1153.69
32.04,Bandung,Jawa Barat,109.0,3,5,9,1215656,18139,94,61,138,253429,2020,2025,123,37908.46
32.05,Garut,Jawa Barat,38.0,1,0,1,41772,3294,243,362,1644,9060,2020,2025,42,1461.72
32.06,Tasikmalaya,Jawa Barat,20.0,1,0,2,15945,1216,9,20,113,3636,2020,2025,20,643.0500000000001
32.07,Ciamis,Jawa Barat,39.0,4,1,0,31406,952,2,2,60,7397,2020,2025,43,1492.76
32.08,Kuningan,Jawa Barat,21.0,0,0,0,4831,0,3,7,6,1718,2020,2025,22,241.11
32.09,Cirebon,Jawa Barat,78.0,2,0,8,506347,6112,5,1,4,136057,2020,2025,81,18947.170000000002
32.1,Majalengka,Jawa Barat,29.333333333333332,2,0,2,78632,4180,2,4,3,15946,2020,2025,31,2610.2533333333336
32.11,Sumedang,Jawa Barat,46.0,4,1,2,35835,1355,11,22,30,7036,2020,2025,47,1507.95
32.12,Indramayu,Jawa Barat,29.0,2,0,1,308564,24980,19,11,63,87376,2020,2025,30,12052.24
32.13,Subang,Jawa Barat,31.0,6,0,1,155037,5253,0,0,0,75438,2020,2025,31,9725.17
32.14,Purwakarta,Jawa Barat,12.0,0,0,0,2706,891,0,1,3,762,2020,2025,12,115.26
32.15,Karawang,Jawa Barat,92.0,1,0,0,621188,49860,192,146,716,170035,2020,2025,96,23407.38
32.16,Bekasi,Jawa Barat,64.7,9,1,268,596820,56637,53,1,47,115464,2020,2025,67,18479.300000000003
32.17,Bandung Barat,Jawa Barat,22.0,2,0,36,6494,2352,172,43,129,1371,2020,2025,24,424.03999999999996
32.18,Pangandaran,Jawa Barat,17.0,2,0,0,17866,0,0,0,0,6234,2020,2025,17,1019.0600000000001
32.71,Kota Bogor,Jawa Barat,29.2,8,0,2,2745,166,7,15,4,1038,2020,2025,33,960.45
32.72,Kota Sukabumi,Jawa Barat,6.0,1,0,2,13889,65,96,205,765,1033,2021,2024,6,348.19000000000005
32.73,Kota Bandung,Jawa Barat,18.0,0,0,0,19693,0,5,6,4,4526,2020,2025,19,667.53
32.74,Kota Cirebon,Jawa Barat,20.0,0,0,0,116215,1231,0,0,2,18200,2020,2025,21,3002.15
32.75,Kota Bekasi,Jawa Barat,25.7,19,0,0,405382,371549,0,0,8973,169596,2020,2025,27,22939.120000000003
32.76,Kota Depok,Jawa Barat,21.2,5,0,19,21926,258,0,0,0,5247,2020,2025,22,1265.16
32.77,Kota Cimahi,Jawa Barat,19.0,2,0,4,7681,0,9,11,5,2208,2020,2025,20,516.61
32.78,Kota Tasikmalaya,Jawa Barat,4.0,0,0,0,379,0,2,2,7,35,2021,2024,4,11.29
32.79,Kota Banjar,Jawa Barat,3.0,0,0,0,354,0,0,0,0,73,2021,2025,3,13.84
33.01,Cilacap,Jawa Tengah,81.0,3,0,0,519717,15348,65,71,253,130403,2020,2025,85,18618.47
33.02,Banyumas,Jawa Tengah,46.0,0,0,6,27919,8942,7,5,6,8631,2020,2025,47,1188.29
33.03,Purbalingga,Jawa Tengah,19.0,2,1,0,2762,1056,10,2,8,1436,2020,2025,19,390.22
33.04,Banjarnegara,Jawa Tengah,5.0,0,0,0,5,6,1,0,4,27,2020,2025,5,7.75
33.05,Kebumen,Jawa Tengah,18.0,3,1,2,32472,5503,17,3,29,5845,2020,2025,18,1227.22
33.06,Purworejo,Jawa Tengah,10.0,0,0,0,15691,6976,0,0,0,3678,2020,2025,10,534.71
33.07,Wonosobo,Jawa Tengah,6.0,2,1,0,677,16,0,7,0,122,2020,2024,7,224.97
33.08,Magelang,Jawa Tengah,5.0,2,0,0,211,191,1,2,1,63,2020,2025,5,213.41000000000003
33.09,Boyolali,Jawa Tengah,7.0,0,2,0,983,84,0,0,0,114,2020,2025,8,28.229999999999997
33.1,Klaten,Jawa Tengah,18.0,0,0,1,5209,660,1,2,66,1013,2020,2025,18,171.39000000000001
33.11,Sukoharjo,Jawa Tengah,13.0,0,0,1,23413,2614,0,0,85,5438,2020,2025,13,790.9300000000001
33.12,Wonogiri,Jawa Tengah,27.0,0,0,0,49670,533,1,0,8,955,2020,2024,28,619.2
33.13,Karanganyar,Jawa Tengah,6.0,1,0,0,517,10,0,0,0,117,2020,2024,6,122.87
33.14,Sragen,Jawa Tengah,30.0,0,0,0,34484,336,0,0,0,8689,2020,2025,30,1243.7400000000002
33.15,Grobogan,Jawa Tengah,66.0,8,0,0,410035,3431,107,15,116,87458,2020,2025,68,13712.150000000001
33.16,Blora,Jawa Tengah,36.0,0,0,0,42395,1,291,27,50,10507,2020,2025,36,1510.65
33.17,Rembang,Jawa Tengah,14.0,0,0,0,17500,11,16,31,84,3327,2020,2025,14,521.7
33.18,Pati,Jawa Tengah,53.0,3,0,7,185757,3655,20,225,425,46053,2020,2025,55,6815.87
33.19,Kudus,Jawa Tengah,34.0,8,0,0,240711,19087,4,61,3,75866,2020,2025,34,10827.710000000001
33.2,Jepara,Jawa Tengah,37.0,0,0,0,53250,837,1,3,1,7179,2020,2025,39,1287.4
33.21,Demak,Jawa Tengah,31.0,3,0,0,702155,62304,24,40,45,172140,2020,2025,31,24566.55
33.22,Semarang,Jawa Tengah,13.0,0,0,2,2112,45,3,5,13,457,2020,2024,13,79.82000000000001
33.23,Temanggung,Jawa Tengah,7.0,0,0,0,304,0,0,0,4,71,2020,2025,7,17.14
33.24,Kendal,Jawa Tengah,38.0,3,1,3,249742,2994,5,10,22,56285,2020,2025,39,8463.92
33.25,Batang,Jawa Tengah,16.0,0,0,5,17101,1962,32,10,42,1982,2020,2025,16,385.21000000000004
33.26,Pekalongan,Jawa Tengah,24.0,2,0,0,864454,14507,38,20,112,43343,2020,2025,24,13202.84
33.27,Pemalang,Jawa Tengah,27.0,1,0,0,115870,137,1,2,0,23125,2020,2025,28,3598.2
33.28,Tegal,Jawa Tengah,33.0,1,0,0,164613,3147,4,7,17,17469,2020,2025,35,3526.03
33.29,Brebes,Jawa Tengah,52.0,4,0,1,211177,5018,37,61,110,52237,2020,2025,55,7787.470000000001
33.71,Kota Magelang,Jawa Tengah,1.0,0,0,0,25,0,0,0,0,5,2022,2022,1,1.75
33.72,Kota Surakarta,Jawa Tengah,21.0,0,0,0,33063,5610,0,0,0,9425,2020,2025,21,1294.13
33.73,Kota Salatiga,Jawa Tengah,1.0,0,0,0,335,0,0,0,0,67,2025,2025,1,11.05
33.74,Kota Semarang,Jawa Tengah,44.0,13,1,2,433168,2520,6,46,9,134912,2020,2025,46,19166.88
33.75,Kota Pekalongan,Jawa Tengah,30.0,6,0,0,624008,17712,0,2,2217,26724,2020,2025,30,9542.48
33.76,Kota Tegal,Jawa Tengah,25.0,0,0,0,52678,547,0,0,6,13973,2020,2025,25,1949.0800000000002
34.01,Kulon Progo,Daerah Istimewa Yogyakarta,6.0,1,0,0,1406,120,13,14,39,465,2020,2025,6,166.56
34.02,Bantul,Daerah Istimewa Yogyakarta,7.0,0,0,0,1594,789,0,0,7,580,2020,2025,7,80.94
34.03,Gunungkidul,Daerah Istimewa Yogyakarta,6.0,0,2,0,2330,129,0,0,0,621,2021,2025,6,91.4
34.04,Sleman,Daerah Istimewa Yogyakarta,6.0,0,0,1,332,0,0,0,0,84,2020,2023,6,17.72
34.71,Kota Yogyakarta,Daerah Istimewa Yogyakarta,5.0,0,0,0,1116,0,0,0,6,113,2020,2025,5,27.46
35.01,Pacitan,Jawa Timur,4.0,0,0,0,782,85,9,1,0,118,2020,2022,5,23.62
35.02,Ponorogo,Jawa Timur,16.0,2,0,0,2787,36,3,1,1,606,2020,2025,17,304.47
35.03,Trenggalek,Jawa Timur,12.0,2,0,0,50195,14,24,15,26,7809,2022,2025,12,1494.8500000000001
35.04,Tulungagung,Jawa Timur,6.0,2,0,0,1030,5,2,0,6,211,2020,2025,6,237.4
35.05,Blitar,Jawa Timur,9.0,0,0,0,10510,464,7,0,9,2039,2020,2024,9,318.0
35.06,Kediri,Jawa Timur,9.0,0,0,0,1381,0,0,0,0,343,2020,2025,9,57.11000000000001
35.07,Malang,Jawa Timur,26.0,1,0,10,30547,448,1,6,50,7212,2020,2025,26,1152.67
35.08,Lumajang,Jawa Timur,18.0,5,0,1,38511,1727,21,13,28,9688,2020,2025,18,1871.91
35.09,Jember,Jawa Timur,62.0,7,0,5,95682,3080,23,22,47,18960,2020,2025,65,3614.82
35.1,Banyuwangi,Jawa Timur,26.0,0,0,0,22659,5,137,62,122,3733,2020,2025,28,625.89
35.11,Bondowoso,Jawa Timur,14.0,1,0,4,3096,948,86,41,421,628,2020,2025,14,207.76000000000002
35.12,Situbondo,Jawa Timur,24.0,0,0,0,16247,0,124,29,90,3498,2020,2025,24,536.27
35.13,Probolinggo,Jawa Timur,18.0,1,0,0,42748,72,0,1,5,9191,2020,2025,19,1464.58
35.14,Pasuruan,Jawa Timur,67.0,3,1,0,714720,4783,15,7,12,138035,2020,2025,71,21317.7
35.15,Sidoarjo,Jawa Timur,25.0,0,0,0,70971,412,0,0,0,11495,2020,2025,25,1884.21
35.16,Mojokerto,Jawa Timur,39.0,0,0,1,24016,370,0,0,0,5462,2020,2025,45,825.36
35.17,Jombang,Jawa Timur,36.0,0,0,0,86740,588,12,0,28,25851,2020,2025,38,3488.5000000000005
35.18,Nganjuk,Jawa Timur,22.0,0,0,0,10565,75,2,15,0,1614,2020,2025,22,289.05
35.19,Madiun,Jawa Timur,26.0,0,0,1,35698,492,8,0,12,2851,2020,2025,26,668.08
35.2,Magetan,Jawa Timur,7.0,0,0,0,1490,2,0,0,0,129,2021,2025,7,34.8
35.21,Ngawi,Jawa Timur,11.0,1,0,0,7462,0,0,0,0,1547,2020,2025,11,340.32000000000005
35.22,Bojonegoro,Jawa Timur,48.0,3,0,0,79606,55,2,9,17,9461,2020,2025,49,2090.16
35.23,Tuban,Jawa Timur,23.0,1,0,0,25335,0,85,0,303,5078,2020,2025,23,884.1500000000001
35.24,Lamongan,Jawa Timur,32.0,0,0,0,214271,0,1,3,0,54402,2020,2025,32,7614.910000000001
35.25,Gresik,Jawa Timur,60.0,3,0,2,176803,987,4,0,19,61366,2020,2025,60,8264.630000000001
35.26,Bangkalan,Jawa Timur,13.0,0,1,0,81035,0,0,0,0,16412,2020,2025,14,2464.55
35.27,Sampang,Jawa Timur,15.0,4,0,0,78785,65,0,0,0,28988,2020,2025,15,4101.65
35.28,Pamekasan,Jawa Timur,14.0,1,0,1,44736,456,0,0,0,12321,2020,2025,14,1793.46
35.29,Sumenep,Jawa Timur,8.0,0,1,0,1365,0,0,0,0,276,2020,2025,8,49.25
35.71,Kota Kediri,Jawa Timur,2.0,0,0,0,320,0,0,0,0,64,2021,2022,2,11.600000000000001
35.72,Kota Blitar,Jawa Timur,2.0,0,0,0,580,0,0,0,0,116,2025,2025,2,19.400000000000002
35.73,Kota Malang,Jawa Timur,12.0,1,1,2,5814,785,37,57,156,1791,2020,2024,12,349.24
35.74,Kota Probolinggo,Jawa Timur,5.0,0,0,0,898,0,0,0,0,409,2020,2025,6,54.88000000000001
35.75,Kota Pasuruan,Jawa Timur,28.0,1,0,0,58730,34,0,0,0,10445,2020,2025,28,1759.8000000000002
35.76,Kota Mojokerto,Jawa Timur,1.0,0,0,0,2015,141,0,0,0,529,2024,2024,1,74.05000000000001
35.77,Kota Madiun,Jawa Timur,3.0,0,0,0,6450,0,0,0,0,170,2020,2024,3,84.5
35.78,Kota Surabaya,Jawa Timur,1.0,0,0,0,485,0,0,0,60,0,2024,2024,1,5.8500000000000005
35.79,Kota Batu,Jawa Timur,8.0,7,0,0,898,16,12,6,14,136,2021,2022,8,730.58
36.01,Pandeglang,Banten,31.0,2,0,0,188312,2748,15,7,37,19423,2020,2025,31,4056.42
36.02,Lebak,Banten,29.333333333333332,18,4,68,73124,18982,1559,231,1007,13549,2020,2025,30,3915.4733333333334
36.03,Tangerang,Banten,28.333333333333332,0,0,0,110985,294,0,2,1,19986,2020,2025,29,3136.7833333333338
36.04,Serang,Banten,87.33333333333333,1,0,12,121276,15510,7,7,51,29192,2020,2025,98,4319.293333333333
36.71,Kota Tangerang,Banten,14.166666666666666,8,1,0,103749,11671,14,1001,4030,14781,2020,2025,16,3329.756666666667
36.72,Kota Cilegon,Banten,25.0,0,0,0,40987,2500,2,1,0,7021,2020,2025,25,1136.97
36.73,Kota Serang,Banten,26.5,6,1,0,32978,8646,18,0,0,8350,2020,2025,28,1791.28
36.74,Kota Tangerang Selatan,Banten,56.166666666666664,4,0,3,308556,2601,0,0,3,30157,2020,2025,58,6557.426666666666
51.01,Jembrana,Bali,13.125,3,0,0,60640,615,47,39,216,5927,2021,2025,14,1512.225
51.02,Tabanan,Bali,2.125,0,0,0,265,125,0,0,0,53,2022,2025,3,10.075000000000001
51.03,Badung,Bali,9.125,1,3,0,76,0,2,1,2,33,2020,2025,10,113.185
51.04,Gianyar,Bali,0.125,3,0,0,0,0,0,0,0,0,2025,2025,1,300.125
51.05,Klungkung,Bali,2.125,1,0,0,420,0,0,0,0,100,2021,2025,3,116.325
51.06,Bangli,Bali,4.125,2,0,0,25,20,1,0,0,20,2020,2025,5,206.375
51.07,Karangasem,Bali,7.125,3,0,3,631,8,2,6,22,54,2020,2025,8,318.835
51.08,Buleleng,Bali,1.0,0,0,0,0,0,0,1,0,0,2021,2021,1,1.0
51.71,Kota Denpasar,Bali,1.125,12,1,0,360,399,612,1413,210,74,2022,2025,2,1212.125
52.01,Lombok Barat,Nusa Tenggara Barat,31.0,9,0,15,89184,2934,2,1985,11,18997,2020,2025,31,3722.54
52.02,Lombok Tengah,Nusa Tenggara Barat,26.0,0,0,3,23438,0,6,5,79,4051,2020,2025,26,665.48
52.03,Lombok Timur,Nusa Tenggara Barat,20.0,0,0,1,20412,0,0,3,7,3627,2020,2025,20,586.82
52.04,Sumbawa,Nusa Tenggara Barat,54.0,7,0,0,62825,21,84,54,827,5105,2020,2025,56,1892.75
52.05,Dompu,Nusa Tenggara Barat,43.0,2,0,9,124649,0,132,15,38,8635,2020,2025,44,2352.99
52.06,Bima,Nusa Tenggara Barat,85.0,9,4,1,127725,1748,430,927,3716,26863,2020,2025,85,4948.55
52.07,Sumbawa Barat,Nusa Tenggara Barat,20.0,0,0,0,61652,0,3,2,5,11505,2020,2025,20,1787.02
52.08,Lombok Utara,Nusa Tenggara Barat,9.0,0,0,0,2320,0,1,0,0,464,2020,2023,9,78.60000000000001
52.71,Kota Mataram,Nusa Tenggara Barat,11.0,1,0,16,41180,740,30,41,7,9865,2020,2025,11,1509.3
52.72,Kota Bima,Nusa Tenggara Barat,33.0,3,0,1,133481,0,3,9,0,8143,2020,2025,33,2482.11
53.01,Kupang,Nusa Tenggara Timur,28.0,18,3,3,34398,17615,2498,2687,6834,2724,2021,2025,30,2444.38
53.02,Timor Tengah Selatan,Nusa Tenggara Timur,5.0,2,1,0,7108,690,62,42,252,649,2021,2025,5,340.98
53.03,Timor Tengah Utara,Nusa Tenggara Timur,7.0,1,0,0,7035,765,73,58,110,3195,2021,2025,7,496.85
53.04,Belu,Nusa Tenggara Timur,10.0,3,0,0,3234,600,33,5,6,597,2021,2025,11,402.04
53.05,Alor,Nusa Tenggara Timur,7.0,30,12,25,157427,500,820,544,1345,1251,2021,2024,7,4706.370000000001
53.06,Flores Timur,Nusa Tenggara Timur,9.0,73,2,70,28384,3367,235,30,200,181,2021,2025,9,7610.9400000000005
53.07,Sikka,Nusa Tenggara Timur,10.0,4,0,0,6236,0,3,18,63,1053,2020,2025,13,577.6600000000001
53.08,Ende,Nusa Tenggara Timur,14.0,3,2,0,35137,72,26,8,99,393,2021,2025,14,704.67
53.09,Ngada,Nusa Tenggara Timur,2.0,2,1,3,25,26,5,0,0,0,2021,2021,2,202.25
53.1,Manggarai,Nusa Tenggara Timur,2.0,0,0,0,1225,162,40,230,173,36,2021,2022,2,17.85
53.11,Sumba Timur,Nusa Tenggara Timur,12.0,2,0,0,90678,20230,765,538,874,2486,2020,2025,12,1367.38
53.12,Sumba Barat,Nusa Tenggara Timur,4.0,0,0,0,1623,462,0,0,47,353,2021,2025,4,55.53
53.13,Lembata,Nusa Tenggara Timur,8.0,46,22,55,28271,5490,242,128,255,699,2021,2025,8,4960.61
53.14,Rote Ndao,Nusa Tenggara Timur,13.0,1,0,74,17965,5638,153,536,8072,8813,2021,2025,13,1173.95
53.15,Manggarai Barat,Nusa Tenggara Timur,6.0,1,0,0,449,13,28,18,49,105,2021,2024,6,120.99
53.16,Nagekeo,Nusa Tenggara Timur,7.0,7,3,22,36837,389,116,15,29,381,2021,2025,7,1113.4699999999998
53.17,Sumba Tengah,Nusa Tenggara Timur,3.0,0,0,0,654,0,21,30,12,184,2021,2025,3,27.94
53.18,Sumba Barat Daya,Nusa Tenggara Timur,3.0,0,0,2,240,0,68,1,54,44,2021,2023,3,9.8
53.19,Manggarai Timur,Nusa Tenggara Timur,4.0,0,0,0,837,0,23,25,23,35,2021,2022,4,15.870000000000001
53.2,Sabu Raijua,Nusa Tenggara Timur,1.0,3,7,0,61276,132,353,992,9027,7231,2021,2021,1,1636.8600000000001
53.21,Malaka,Nusa Tenggara Timur,9.0,12,0,0,69392,5376,556,463,2708,12760,2020,2025,9,3178.92
53.71,Kota Kupang,Nusa Tenggara Timur,5.0,6,1,3,115828,1053,734,870,11092,23230,2021,2025,5,4086.2799999999997
61.01,Sambas,Kalimantan Barat,17.0,2,0,0,148681,4620,0,0,0,26789,2020,2025,17,4382.71
61.02,Mempawah,Kalimantan Barat,8.0,0,0,0,78037,33250,0,0,0,28405,2020,2025,8,3628.87
61.03,Sanggau,Kalimantan Barat,22.0,0,0,0,91598,6218,18,19,37,24398,2020,2025,22,3377.78
61.04,Ketapang,Kalimantan Barat,45.0,0,0,0,334857,6501,1,0,0,93915,2020,2025,45,12785.07
61.05,Sintang,Kalimantan Barat,19.0,7,0,2,514638,50960,69,30,0,89921,2020,2025,19,14857.48
61.06,Kapuas Hulu,Kalimantan Barat,42.0,0,0,0,421438,2936,11,0,1,66567,2020,2025,43,10913.080000000002
61.07,Bengkayang,Kalimantan Barat,21.0,4,1,0,46558,1037,1,1,1,9363,2020,2025,21,1822.88
61.08,Landak,Kalimantan Barat,21.0,1,0,0,146027,15967,24,2,0,38481,2020,2025,21,5429.370000000001
61.09,Sekadau,Kalimantan Barat,14.0,2,0,0,132455,7853,0,0,1,29327,2020,2024,14,4471.25
61.1,Melawi,Kalimantan Barat,27.0,7,0,0,517254,48080,14,1,0,144234,2020,2025,27,20322.940000000002
61.11,Kayong Utara,Kalimantan Barat,4.0,1,1,2,24675,924,1,0,0,4645,2020,2022,4,815.25
61.12,Kubu Raya,Kalimantan Barat,14.0,0,0,0,104987,223,0,0,0,14777,2020,2025,14,2541.57
61.72,Kota Singkawang,Kalimantan Barat,8.0,0,0,0,21849,1224,3,0,1,5016,2021,2025,8,728.09
62.01,Kotawaringin Barat,Kalimantan Tengah,29.0,1,0,0,110093,701,0,20,1,29791,2020,2025,29,4209.030000000001
62.02,Kotawaringin Timur,Kalimantan Tengah,22.0,0,0,2,63516,408,0,0,0,17700,2020,2025,22,2427.16
62.03,Kapuas,Kalimantan Tengah,17.0,0,0,40,258907,25,17,0,11,53776,2021,2025,17,7983.67
62.04,Barito Selatan,Kalimantan Tengah,29.0,0,0,0,252458,4,0,0,0,32608,2020,2025,29,5814.38
62.05,Barito Utara,Kalimantan Tengah,20.0,0,0,0,209340,0,0,0,0,39481,2020,2025,21,6061.5
62.06,Katingan,Kalimantan Tengah,18.0,1,0,0,181425,2143,0,5,0,36642,2020,2025,20,5596.450000000001
62.07,Seruyan,Kalimantan Tengah,15.0,0,0,0,135078,1663,0,0,0,41970,2020,2025,15,5562.78
62.08,Sukamara,Kalimantan Tengah,11.0,0,0,0,18182,363,0,0,0,4891,2021,2025,11,681.9200000000001
62.09,Lamandau,Kalimantan Tengah,22.0,1,0,0,58597,6511,0,0,0,18118,2020,2025,22,2519.7700000000004
62.1,Gunung Mas,Kalimantan Tengah,15.0,3,3,0,57824,1,0,0,0,12825,2020,2025,15,2175.74
62.11,Pulang Pisau,Kalimantan Tengah,37.0,0,0,0,68160,2676,0,1,7,14794,2020,2025,38,2198.0
62.12,Murung Raya,Kalimantan Tengah,23.0,0,0,0,145182,598,0,76,0,35795,2020,2025,23,5054.32
62.13,Barito Timur,Kalimantan Tengah,3.0,0,0,0,2135,0,2,0,0,369,2022,2025,3,61.25
62.71,Kota Palangkaraya,Kalimantan Tengah,17.0,7,1,0,194863,1094,4,0,0,42057,2020,2025,17,6871.33
63.01,Tanah Laut,Kalimantan Selatan,20.0,7,0,5,199320,13515,1,0,0,29059,2020,2025,20,5619.1
63.02,Kotabaru,Kalimantan Selatan,5.0,0,0,0,2807,200,0,0,3,578,2020,2023,5,90.87
63.03,Banjar,Kalimantan Selatan,33.0,11,0,871,616738,98738,30,0,19784,190773,2020,2025,34,26377.68
63.04,Barito Kuala,Kalimantan Selatan,8.0,5,0,0,114329,9193,0,0,0,18789,2021,2025,8,3530.19
63.05,Tapin,Kalimantan Selatan,24.0,1,0,0,17081,354,0,0,0,3919,2020,2025,25,686.71
63.06,Hulu Sungai Selatan,Kalimantan Selatan,12.0,0,0,0,71017,0,2,2,11,5754,2020,2025,12,1297.57
63.07,Hulu Sungai Tengah,Kalimantan Selatan,31.0,11,0,0,172677,16470,247,54,1127,44479,2020,2025,31,7305.67
63.08,Hulu Sungai Utara,Kalimantan Selatan,19.0,0,0,0,258381,0,0,0,0,68071,2020,2025,20,9409.91
63.09,Tabalong,Kalimantan Selatan,16.0,0,0,0,29422,0,0,0,0,7879,2020,2024,16,1098.1200000000001
63.1,Tanah Bumbu,Kalimantan Selatan,22.0,0,0,0,68370,1112,0,0,0,19691,2020,2024,22,2674.8
63.11,Balangan,Kalimantan Selatan,62.0,0,0,0,89857,48684,0,0,0,23699,2020,2025,62,3330.4700000000003
63.71,Kota Banjarmasin,Kalimantan Selatan,4.0,0,0,0,185756,6888,0,0,0,58644,2021,2022,4,7725.960000000001
63.72,Kota Banjarbaru,Kalimantan Selatan,16.0,1,0,0,18279,5421,0,0,0,5603,2020,2025,17,859.09
64.01,Paser,Kalimantan Timur,21.0,0,0,85,32034,534,0,0,1,9837,2020,2025,22,1325.04
64.02,Kutai Kartanegara,Kalimantan Timur,16.0,0,0,0,77233,1567,6,0,0,11184,2020,2025,16,1906.73
64.03,Berau,Kalimantan Timur,10.0,2,1,0,94389,81,6,0,0,21844,2020,2025,10,3338.29
64.07,Kutai Barat,Kalimantan Timur,14.0,0,0,0,61763,0,0,0,0,14730,2021,2025,35,2104.63
64.08,Kutai Timur,Kalimantan Timur,16.0,2,0,0,119364,2122,0,0,0,60882,2021,2025,16,7497.840000000001
64.09,Penajam Paser Utara,Kalimantan Timur,54.0,0,0,0,13668,293,0,0,0,3636,2020,2025,70,554.28
64.11,Mahakam Ulu,Kalimantan Timur,5.0,0,0,0,1417,2885,55,5,37,369,2024,2025,10,56.07
64.71,Kota Balikpapan,Kalimantan Timur,8.0,0,0,0,22463,0,0,0,0,4759,2020,2024,8,708.53
64.72,Kota Samarinda,Kalimantan Timur,31.0,6,0,1,150111,45099,0,1,2,24479,2020,2025,41,4580.01
64.74,Kota Bontang,Kalimantan Timur,6.0,0,0,2,21838,0,0,0,1,6917,2021,2025,6,916.08
65.01,Bulungan,Kalimantan Utara,9.0,0,0,0,16771,255,777,0,0,2482,2021,2025,11,424.91
65.02,Malinau,Kalimantan Utara,24.0,2,0,3,193019,269,7,33,13,29758,2020,2025,24,5129.99
65.03,Nunukan,Kalimantan Utara,31.0,1,0,0,71616,3939,14,1,12,12566,2020,2025,31,2103.76
65.04,Tana Tidung,Kalimantan Utara,2.0,0,0,0,75,0,0,0,0,38,2021,2022,2,6.550000000000001
65.71,Kota Tarakan,Kalimantan Utara,5.0,0,0,0,501,0,0,5,0,135,2020,2023,5,23.509999999999998
71.01,Bolaang Mongondow,Sulawesi Utara,26.0,1,0,0,39358,1449,50,32,200,11175,2020,2025,28,1637.08
71.02,Minahasa,Sulawesi Utara,10.0,0,0,0,15912,1610,0,5,11,3516,2021,2025,10,520.72
71.03,Kepulauan Sangihe,Sulawesi Utara,4.0,4,0,6,1579,1527,63,17,19,423,2020,2024,4,462.09000000000003
71.04,Kepulauan Talaud,Sulawesi Utara,3.0,0,0,0,235,0,0,0,0,20,2020,2024,3,7.35
71.05,Minahasa Selatan,Sulawesi Utara,5.0,0,0,0,1376,10,2,0,0,259,2022,2025,5,44.66
71.06,Minahasa Utara,Sulawesi Utara,6.0,2,0,1,8798,2695,34,34,209,1761,2021,2025,6,470.08000000000004
71.07,Minahasa Tenggara,Sulawesi Utara,6.0,0,1,0,14125,210,22,8,45,2815,2021,2025,6,428.75
71.08,Bolaang Mongondow Utara,Sulawesi Utara,11.0,2,0,0,36654,17,289,57,6824,1902,2020,2025,11,767.74
71.09,Kep. Siau Tagulandang Biaro,Sulawesi Utara,3.0,1,0,0,427,0,1,0,4,60,2021,2022,3,113.27
71.1,Bolaang Mongondow Timur,Sulawesi Utara,11.0,1,0,0,5365,0,11,5,72,1089,2021,2025,11,273.55
71.11,Bolaang Mongondow Selatan,Sulawesi Utara,9.0,3,0,0,46911,165,94,0,1,22226,2020,2024,9,3000.71
71.71,Kota Manado,Sulawesi Utara,11.0,12,0,1,40922,5845,230,160,991,5549,2021,2025,11,2175.12
71.72,Kota Bitung,Sulawesi Utara,9.0,0,1,3,21867,531,50,120,90,5880,2020,2025,9,815.6700000000001
71.73,Kota Tomohon,Sulawesi Utara,1.0,0,0,0,185,0,0,0,0,54,2025,2025,1,8.25
71.74,Kota Kotamobagu,Sulawesi Utara,4.0,0,0,0,165,0,0,2,0,102,2022,2023,4,15.850000000000001
72.01,Banggai,Sulawesi Tengah,45.0,1,0,0,11136,1018,52,55,253,1981,2020,2025,45,454.46000000000004
72.02,Poso,Sulawesi Tengah,63.0,0,1,0,20690,1426,62,6,105,3648,2020,2025,73,634.7
72.03,Donggala,Sulawesi Tengah,44.0,3,0,5,31745,1394,42,21,197,7454,2020,2025,46,1406.8500000000001
72.04,Toli Toli,Sulawesi Tengah,55.0,0,0,5,45652,4908,36,9,34,8037,2020,2025,59,1315.22
72.05,Buol,Sulawesi Tengah,34.0,1,0,1,39457,826,99,234,290,7189,2020,2025,41,1247.47
72.06,Morowali,Sulawesi Tengah,17.0,0,0,1,4774,1190,5,6,16,1234,2020,2025,18,188.14000000000001
72.07,Banggai Kepulauan,Sulawesi Tengah,9.0,0,0,0,285,5,0,0,0,161,2021,2025,9,27.950000000000003
72.08,Parigi Moutong,Sulawesi Tengah,70.0,9,4,0,58758,14827,177,78,180,10483,2020,2025,80,2605.88
72.09,Tojo Una Una,Sulawesi Tengah,17.0,1,0,0,15167,25,14,7,2,3450,2020,2025,18,613.6700000000001
72.1,Sigi,Sulawesi Tengah,50.0,2,1,2,6473,3014,52,115,462,1541,2020,2025,51,468.83000000000004
72.11,Banggai Laut,Sulawesi Tengah,8.0,0,0,0,4205,132,13,32,30,846,2021,2025,13,134.65
72.12,Morowali Utara,Sulawesi Tengah,37.0,1,0,3,39938,2236,2,1,291,3983,2020,2025,38,934.6800000000001
72.71,Kota Palu,Sulawesi Tengah,19.0,0,0,0,9093,213,4,0,0,2274,2021,2025,20,337.33000000000004
73.01,Kepulauan Selayar,Sulawesi Selatan,5.0,0,0,0,1870,0,4,0,0,312,2022,2025,5,54.900000000000006
73.02,Bulukumba,Sulawesi Selatan,8.0,0,0,0,11556,144,5,0,0,1679,2020,2025,8,291.46000000000004
73.03,Bantaeng,Sulawesi Selatan,3.0,1,0,0,46042,245,64,1260,967,2519,2020,2025,3,815.32
73.04,Jeneponto,Sulawesi Selatan,5.0,4,0,4,3600,235,73,0,202,241,2020,2022,5,465.1
73.05,Takalar,Sulawesi Selatan,4.0,0,0,0,15750,130,0,0,0,3175,2021,2024,4,479.0
73.06,Gowa,Sulawesi Selatan,7.0,0,0,0,4588,240,1,0,0,1204,2021,2025,7,173.28
73.07,Sinjai,Sulawesi Selatan,16.0,0,0,2,10564,49,4,1,11,2326,2021,2025,16,354.24
73.08,Bone,Sulawesi Selatan,13.0,0,0,0,10364,0,0,1,0,1752,2020,2025,13,291.84000000000003
73.09,Maros,Sulawesi Selatan,4.0,4,0,0,378719,0,0,0,0,0,2022,2025,4,4191.1900000000005
73.1,Pangkajene Dan Kepulauan,Sulawesi Selatan,5.0,0,0,0,119156,47,0,0,0,1179,2020,2024,5,1314.46
73.11,Barru,Sulawesi Selatan,5.0,2,0,0,70626,23,3,0,5,551,2020,2024,5,966.36
73.12,Soppeng,Sulawesi Selatan,6.0,2,1,0,134202,247,15,0,1,15282,2021,2024,6,3076.2200000000003
73.13,Wajo,Sulawesi Selatan,32.0,3,1,0,335663,3335,653,12,51,90701,2020,2025,36,12758.73
73.14,Sidenreng Rappang,Sulawesi Selatan,18.0,2,0,2,37723,627,16,21,19,11259,2020,2024,18,1721.13
73.15,Pinrang,Sulawesi Selatan,20.0,0,1,0,24049,1000,2,0,0,6098,2020,2025,20,870.2900000000001
73.16,Enrekang,Sulawesi Selatan,15.0,0,0,1,17014,356,34,0,0,2980,2020,2025,16,483.14
73.17,Luwu,Sulawesi Selatan,68.0,10,0,81,115187,3329,171,74,122,27817,2020,2025,68,5001.57
73.18,Tana Toraja,Sulawesi Selatan,5.0,1,0,0,281,132,4,2,0,110,2020,2021,5,118.81
73.22,Luwu Utara,Sulawesi Selatan,71.0,39,9,106,201492,21747,1323,124,2718,46243,2020,2025,82,10610.220000000001
73.24,Luwu Timur,Sulawesi Selatan,16.0,0,0,0,3037,24,1,2,0,619,2020,2025,16,108.27000000000001
73.26,Toraja Utara,Sulawesi Selatan,1.0,0,0,0,456,0,0,0,0,1,2025,2025,1,5.66
73.71,Kota Makassar,Sulawesi Selatan,13.0,0,0,0,81105,14442,0,0,0,22456,2020,2025,13,3069.65
73.72,Kota Parepare,Sulawesi Selatan,5.0,2,0,0,9747,30,17,0,428,1464,2020,2024,5,448.87
73.73,Kota Palopo,Sulawesi Selatan,23.0,0,0,0,39576,88,0,0,0,7751,2020,2025,24,1193.8600000000001
74.01,Kolaka,Sulawesi Tenggara,4.0,0,0,0,12495,0,0,0,0,2499,2021,2024,4,378.85
74.02,Konawe,Sulawesi Tenggara,20.0,0,0,0,25238,5794,33,0,0,2676,2020,2024,20,539.98
74.03,Muna,Sulawesi Tenggara,4.0,0,0,0,3037,15,0,0,15,619,2021,2023,4,96.27000000000001
74.04,Buton,Sulawesi Tenggara,2.0,0,0,0,100,0,0,0,0,20,2021,2022,2,5.0
74.05,Konawe Selatan,Sulawesi Tenggara,4.0,0,0,0,907,0,0,0,0,180,2021,2025,4,31.07
74.06,Bombana,Sulawesi Tenggara,1.0,0,0,0,40,0,0,0,0,8,2024,2024,1,2.2
74.08,Kolaka Utara,Sulawesi Tenggara,10.0,4,0,0,1260,0,0,0,48,373,2021,2025,10,459.90000000000003
74.09,Konawe Utara,Sulawesi Tenggara,7.0,0,0,0,15604,8878,52,3,0,2781,2020,2025,7,441.14
74.1,Buton Utara,Sulawesi Tenggara,17.0,0,0,0,12709,0,3,0,0,3228,2020,2025,18,466.89
74.11,Kolaka Timur,Sulawesi Tenggara,8.0,0,0,0,40,0,0,0,12,61,2021,2025,8,14.5
74.13,Muna Barat,Sulawesi Tenggara,3.0,0,0,0,766,84,0,41,64,0,2024,2025,3,10.66
74.15,Buton Selatan,Sulawesi Tenggara,1.0,0,0,0,187,0,0,0,23,0,2022,2022,1,2.87
74.71,Kota Kendari,Sulawesi Tenggara,7.0,2,0,1,17351,25,0,0,4,3490,2021,2025,7,729.51
74.72,Kota Bau Bau,Sulawesi Tenggara,4.0,4,0,3,400,0,0,0,0,70,2022,2022,4,415.0
75.01,Gorontalo,Gorontalo,37.0,1,1,0,92408,13675,16,0,1,25708,2020,2025,37,3631.88
75.02,Boalemo,Gorontalo,26.0,0,0,0,30283,0,1,0,0,8062,2020,2025,26,1135.03
75.03,Bone Bolango,Gorontalo,36.0,4,2,3,49086,9867,233,19,268,13060,2020,2025,36,2232.86
75.04,Pohuwato,Gorontalo,35.0,2,0,0,56016,723,13,3,26,16663,2020,2025,35,2461.46
75.05,Gorontalo Utara,Gorontalo,17.0,0,0,0,33986,200,60,0,269,8169,2020,2025,18,1173.7600000000002
75.71,Kota Gorontalo,Gorontalo,12.0,1,0,227,101207,23238,719,76,661,13830,2020,2025,12,2507.07
76.01,Pasangkayu,Sulawesi Barat,8.0,0,0,0,11882,3288,0,0,0,1834,2020,2023,10,310.22
76.02,Mamuju,Sulawesi Barat,22.0,0,0,0,43956,672,138,58,13,8094,2021,2025,22,1270.96
76.03,Mamasa,Sulawesi Barat,7.0,1,1,0,340,612,7,7,26,167,2020,2023,7,127.10000000000001
76.04,Polewali Mandar,Sulawesi Barat,24.0,3,1,0,70506,9492,23,30,90,13073,2020,2025,25,2336.36
76.05,Majene,Sulawesi Barat,11.0,2,0,2,21636,508,124,121,81,3533,2021,2023,12,780.6600000000001
76.06,Mamuju Tengah,Sulawesi Barat,23.0,0,0,0,15691,862,0,0,5,3906,2021,2025,23,570.51
81.01,Maluku Tengah,Maluku,16.0,0,0,0,7962,248,8,3,12,1664,2020,2025,16,262.02
81.02,Maluku Tenggara,Maluku,3.0,0,0,0,743,60,0,0,0,207,2021,2024,3,31.130000000000003
81.03,Kepulauan Tanimbar,Maluku,2.0,0,0,0,330,0,0,0,5,66,2022,2025,2,11.900000000000002
81.04,Buru,Maluku,10.0,0,0,0,11405,4395,0,0,10,2852,2020,2024,10,409.25
81.05,Seram Bagian Timur,Maluku,10.0,0,0,0,17288,25,7,2,20,1164,2021,2025,10,299.28
81.06,Seram Bagian Barat,Maluku,37.0,6,0,3,17626,579,9,0,18,3387,2020,2025,37,1151.96
81.07,Kepulauan Aru,Maluku,4.0,0,0,0,450,0,0,0,11,222,2021,2024,4,30.700000000000003
81.08,Maluku Barat Daya,Maluku,1.0,0,0,0,0,247,2,0,0,0,2023,2023,1,1.0
81.09,Buru Selatan,Maluku,3.0,0,0,0,1155,250,0,0,0,231,2022,2024,3,37.650000000000006
81.71,Kota Ambon,Maluku,15.0,1,0,0,13100,100,8,148,55,2289,2020,2023,16,474.9
81.72,Kota Tual,Maluku,2.0,0,0,0,260,0,0,0,0,52,2021,2021,2,9.8
82.01,Halmahera Barat,Maluku Utara,15.0,1,0,1,8240,776,10,12,51,1104,2021,2025,15,307.8
82.02,Halmahera Tengah,Maluku Utara,12.0,0,0,0,7169,4260,0,0,50,1762,2020,2024,12,259.89
82.03,Halmahera Utara,Maluku Utara,22.0,0,0,0,11781,4873,18,17,19,2635,2020,2025,22,403.31
82.04,Halmahera Selatan,Maluku Utara,23.0,3,0,1,36006,10131,38,8,20,4634,2021,2025,23,1146.46
82.05,Kepulauan Sula,Maluku Utara,16.0,3,0,0,6043,2181,14,0,146,1750,2020,2025,16,551.4300000000001
82.06,Halmahera Timur,Maluku Utara,30.0,0,0,0,10556,91,12,0,0,2177,2022,2025,30,353.26
82.07,Pulau Morotai,Maluku Utara,19.0,3,1,0,11524,5182,0,5,20,3138,2020,2025,19,748.04
82.08,Pulau Taliabu,Maluku Utara,11.0,0,0,0,4205,3279,1,0,0,5857,2020,2025,11,638.75
82.71,Kota Ternate,Maluku Utara,6.0,19,1,16,897,2105,20,14,53,105,2021,2025,7,1925.47
82.72,Kota Tidore Kepulauan,Maluku Utara,23.0,0,0,0,3395,0,3,2,90,1023,2021,2025,24,159.25
91.03,Jayapura,Papua,9.0,1,0,0,9883,609,2,0,0,2319,2021,2024,9,439.73
91.05,Kepulauan Yapen,Papua,10.0,0,0,1,6077,1088,9,0,635,898,2021,2025,10,160.57000000000002
91.1,Sarmi,Papua,4.0,0,0,0,850,111,0,0,6,128,2021,2025,4,25.3
91.11,Keerom,Papua,9.0,1,0,0,800,7081,0,0,0,1804,2021,2025,9,297.4
91.15,Waropen,Papua,5.0,0,0,0,1315,97,15,0,25,176,2021,2024,5,35.75
91.19,Supiori,Papua,4.0,0,0,0,0,261,0,20,81,45,2021,2021,4,8.5
91.2,Mamberamo Raya,Papua,4.0,0,0,0,706,90,20,10,0,292,2020,2024,4,40.260000000000005
91.71,Kota Jayapura,Papua,6.0,11,0,17,23216,416,33,0,1499,247,2020,2025,6,1362.8600000000001
92.02,Manokwari,Papua Barat,14.0,0,0,0,6862,1086,0,0,66,1346,2020,2025,14,217.22
92.03,Fak Fak,Papua Barat,2.0,0,0,0,125,0,2,0,23,0,2022,2023,2,3.25
92.06,Teluk Bintuni,Papua Barat,10.0,0,0,0,5865,216,1,0,204,1120,2020,2025,10,180.65
92.07,Teluk Wondama,Papua Barat,7.0,0,0,0,1820,2278,14,0,0,192,2021,2024,7,44.400000000000006
92.11,Manokwari Selatan,Papua Barat,7.0,0,0,0,1395,206,0,0,0,320,2021,2025,7,52.95
92.12,Pegunungan Arfak,Papua Barat,1.0,16,4,4,0,0,0,0,0,0,2025,2025,1,1601.0
93.01,Merauke,Papua Selatan,3.0,0,0,0,2762,698,0,6,836,54,2020,2024,3,36.02
93.03,Mappi,Papua Selatan,3.0,0,0,0,2547,64,0,0,0,784,2023,2025,3,106.87
94.01,Nabire,Papua Tengah,3.0,0,0,0,7325,0,0,5,0,380,2020,2025,3,114.25
94.02,Puncak Jaya,Papua Tengah,1.0,2,0,2,4,0,0,0,0,0,2024,2024,1,201.04
94.03,Paniai,Papua Tengah,2.0,0,0,0,1445,780,15,0,0,30,2021,2021,2,19.450000000000003
94.04,Mimika,Papua Tengah,3.0,7,0,0,5353,0,0,0,0,495,2020,2024,3,806.03
94.06,Dogiyai,Papua Tengah,1.0,4,1,1,0,0,0,0,0,0,2024,2024,1,401.0
94.07,Intan Jaya,Papua Tengah,1.0,5,0,1,0,0,0,0,0,0,2024,2024,1,501.0
94.08,Deiyai,Papua Tengah,1.0,0,0,0,340,0,4,0,31,31,2020,2020,1,7.5
95.01,Jayawijaya,Papua Pegunungan,3.0,0,0,0,190125,1504,0,0,0,8880,2021,2025,3,2792.25
95.03,Yahukimo,Papua Pegunungan,1.0,0,0,0,1440,0,288,0,0,0,2022,2022,1,15.4
95.04,Tolikara,Papua Pegunungan,2.0,1,0,91,303,2322,0,0,44,70,2023,2025,2,112.03
95.07,Lanny Jaya,Papua Pegunungan,1.0,0,0,0,0,0,0,0,0,10,2021,2021,1,2.0
95.08,Nduga,Papua Pegunungan,2.0,10,15,0,7785,2755,15,0,0,1935,2025,2025,2,1273.35
96.01,Sorong,Papua Barat Daya,6.0,0,0,0,8140,38,7,0,7,3464,2020,2025,6,433.80000000000007
96.02,Sorong Selatan,Papua Barat Daya,1.0,0,0,0,145,0,0,0,0,29,2023,2023,1,5.3500000000000005
96.03,Raja Ampat,Papua Barat Daya,3.0,0,0,0,995,0,0,0,0,247,2022,2025,3,37.650000000000006
96.04,Tambrauw,Papua Barat Daya,1.0,0,0,0,10,0,2,0,0,0,2022,2022,1,1.1
96.05,Maybrat,Papua Barat Daya,2.0,0,0,0,7770,35,2,0,0,1554,2022,2025,2,235.10000000000002
96.71,Kota Sorong,Papua Barat Daya,10.0,12,0,17,22061,4084,24,3,479,5692,2020,2024,10,1999.8100000000002
